{"preprocessing/raw_images/NAGAP_94V3_209.tif": [[1.0002292820612497, -0.004333385516563965, 23.98109842608028], [0.004164687913458364, 1.000158631771692, -28.471810165577153], [0.0, 0.0, 1.0]], "preprocessing/raw_images/NAGAP_94V3_200.tif": [[1.0001643485940794, -0.003914833748469191, 21.977207052078484], [0.00384415541785064, 1.0001014659311938, -26.018458963243575], [0.0, 0.0, 1.0]], "preprocessing/raw_images/NAGAP_94V3_204.tif": [[1.0001863172831864, -0.003975421234596545, 22.178387908283185], [0.003961298805350748, 1.000168416646546, -27.174842402525428], [0.0, 0.0, 1.0]], "preprocessing/raw_images/NAGAP_94V3_199.tif": [[1.000164122148621, -0.004788966492810084, 27.099729026072964], [0.0047670276917146075, 1.0001650790000887, -32.497628071478175], [0.0, 0.0, 1.0]], "preprocessing/raw_images/NAGAP_94V3_230.tif": [[1.000249938254032, -0.003011409783294155, 16.113958343109516], [0.002888022547786713, 1.0001943910665196, -20.21696689642613], [0.0, 0.0, 1.0]], "preprocessing/raw_images/NAGAP_94V3_213.tif": [[1.0002274569515768, -0.0045065882225754335, 25.026421002603456], [0.004394254307879218, 1.000153133970771, -29.943198996821593], [0.0, 0.0, 1.0]], "preprocessing/raw_images/NAGAP_94V3_221.tif": [[1.0002176779676193, -0.004280600123351546, 23.74821462321961], [0.004255317163554491, 1.000177454166612, -29.172341539610898], [0.0, 0.0, 1.0]], "preprocessing/raw_images/NAGAP_94V3_207.tif": [[1.0001903678467434, -0.005233201425853257, 29.529621242401845], [0.005121357255954884, 1.0001197935542319, -34.56005268717308], [0.0, 0.0, 1.0]], "preprocessing/raw_images/NAGAP_94V3_227.tif": [[1.0002133470948473, -0.005226101746146447, 29.335889342014525], [0.0050690495806428775, 1.0001841514135852, -34.598468584134025], [0.0, 0.0, 1.0]], "preprocessing/raw_images/NAGAP_94V3_203.tif": [[1.0001910825315077, -0.005128039162277041, 28.909996777189008], [0.005087520169417419, 1.0001580756842532, -34.5626255786392], [0.0, 0.0, 1.0]], "preprocessing/raw_images/NAGAP_94V3_194.tif": [[1.0001635904676804, -0.004476152589104165, 25.259590411334102], [0.004428003182862774, 1.000138073531741, -30.094544909218712], [0.0, 0.0, 1.0]], "preprocessing/raw_images/NAGAP_94V3_220.tif": [[1.0002149376416587, -0.004683743614998607, 26.13880901661105], [0.004488707004564403, 1.0001744388974145, -30.69522162391968], [0.0, 0.0, 1.0]], "preprocessing/raw_images/NAGAP_94V3_223.tif": [[1.0002108836234291, -0.005791112490650798, 32.64345735193274], [0.005622500124140131, 1.0001780156830384, -38.2115873722978], [0.0, 0.0, 1.0]], "preprocessing/raw_images/NAGAP_94V3_202.tif": [[1.0001674321142, -0.0044497934493036686, 25.080481047710236], [0.004401714419592464, 1.0001609051808267, -30.038924482360017], [0.0, 0.0, 1.0]], "preprocessing/raw_images/NAGAP_94V3_201.tif": [[1.0001055806645722, -0.003756209019032154, 21.427527539258335], [0.003670495885699892, 1.0000761193753103, -24.7125429248008], [0.0, 0.0, 1.0]], "preprocessing/raw_images/NAGAP_94V3_226.tif": [[1.000240812068948, -0.004265732508107712, 23.50865147463719], [0.004161149181662128, 1.00019656943366, -28.654674015403543], [0.0, 0.0, 1.0]], "preprocessing/raw_images/NAGAP_94V3_211.tif": [[1.0002330918687914, -0.005444586792246636, 30.486318469880644], [0.005377254873579606, 1.0001474036958942, -36.40966286838193], [0.0, 0.0, 1.0]], "preprocessing/raw_images/NAGAP_94V3_228.tif": [[1.000225676236188, -0.004284547009045278, 23.720266087385426], [0.004179893735032412, 1.0001853165674863, -28.725881549687074], [0.0, 0.0, 1.0]], "preprocessing/raw_images/NAGAP_94V3_234.tif": [[1.0002353728214979, -0.003568886124917107, 19.470575159695727], [0.003332174879000287, 1.000183573384626, -23.08864938463921], [0.0, 0.0, 1.0]], "preprocessing/raw_images/NAGAP_94V3_225.tif": [[1.0002168716464568, -0.004435070281586979, 24.668751813462222], [0.004304217927113215, 1.0001839308023612, -29.526035889232844], [0.0, 0.0, 1.0]], "preprocessing/raw_images/NAGAP_94V3_198.tif": [[1.0001942059350082, -0.004416000409305415, 24.706320366658474], [0.004337836960831827, 1.0001424813752415, -29.51671675648413], [0.0, 0.0, 1.0]], "preprocessing/raw_images/NAGAP_94V3_222.tif": [[1.0002200017613614, -0.0045027987104677425, 25.036266877194976], [0.004390731646920859, 1.0001646004280298, -30.0027947087583], [0.0, 0.0, 1.0]], "preprocessing/raw_images/NAGAP_94V3_212.tif": [[1.0002302723945955, -0.0053691920820620204, 30.06859351541698], [0.005267964783665636, 1.0001558838595772, -35.74137699075709], [0.0, 0.0, 1.0]], "preprocessing/raw_images/NAGAP_94V3_229.tif": [[1.0002549046744695, -0.0034446306805364026, 18.62028736960201], [0.003275976546188443, 1.0002144042689995, -22.894910777250516], [0.0, 0.0, 1.0]], "preprocessing/raw_images/NAGAP_94V3_210.tif": [[1.0002187011500894, -0.004058211109307217, 22.46827412116636], [0.003915914944951539, 1.0001420493012079, -26.7683376795203], [0.0, 0.0, 1.0]], "preprocessing/raw_images/NAGAP_94V3_196.tif": [[1.0001602526582618, -0.0047813580222633625, 27.079079817356615], [0.004800937586356751, 1.0001575339502347, -32.6595513563243], [0.0, 0.0, 1.0]], "preprocessing/raw_images/NAGAP_94V3_205.tif": [[1.0001838362685616, -0.004318009108526759, 24.197943838740684], [0.004221060394611783, 1.000158384414085, -28.840238393594518], [0.0, 0.0, 1.0]], "preprocessing/raw_images/NAGAP_94V3_197.tif": [[1.0001825969535945, -0.004852875571235721, 27.34203716231241], [0.004782272568703112, 1.000145915070523, -32.470482273665766], [0.0, 0.0, 1.0]], "preprocessing/raw_images/NAGAP_94V3_208.tif": [[1.000201165419793, -0.00450272495175453, 25.172250739214178], [0.004386583287682372, 1.0001531163286566, -29.911136695175628], [0.0, 0.0, 1.0]], "preprocessing/raw_images/NAGAP_94V3_233.tif": [[1.000262670568207, -0.003422060192474137, 18.420412560908517], [0.0032758729877549746, 1.0001956233747737, -22.801009084310863], [0.0, 0.0, 1.0]], "preprocessing/raw_images/NAGAP_94V3_214.tif": [[1.0002314265344927, -0.004905852452160129, 27.334592675802014], [0.004767586089463398, 1.0001570333182193, -32.43066786017698], [0.0, 0.0, 1.0]], "preprocessing/raw_images/NAGAP_94V3_224.tif": [[1.0002355172959339, -0.0048796934880570774, 27.14138630065372], [0.004722297549011941, 1.0001912756232463, -32.329221455860534], [0.0, 0.0, 1.0]], "preprocessing/raw_images/NAGAP_94V3_231.tif": [[1.0002350509350248, -0.00455187378234307, 25.235973377938535], [0.004372009136903703, 1.0001795131856355, -29.965460359788267], [0.0, 0.0, 1.0]], "preprocessing/raw_images/NAGAP_94V3_215.tif": [[1.000235361125904, -0.005275108323105634, 29.478780036724856], [0.005133030428204178, 1.0001609685436612, -34.88152786191404], [0.0, 0.0, 1.0]], "preprocessing/raw_images/NAGAP_94V3_216.tif": [[1.000230404421652, -0.005369344105996555, 30.044361614566697], [0.005230878804192062, 1.0001711897264507, -35.582419391114854], [0.0, 0.0, 1.0]], "preprocessing/raw_images/NAGAP_94V3_206.tif": [[1.0001852661350998, -0.004193920831616557, 23.464561691768722], [0.004021282150510921, 1.0001560024722478, -27.500098983747193], [0.0, 0.0, 1.0]], "preprocessing/raw_images/NAGAP_94V3_219.tif": [[1.00017612218807, -0.005169098538743014, 29.23801616997389], [0.005030712804469743, 1.0001241990021226, -33.98052372876373], [0.0, 0.0, 1.0]], "preprocessing/raw_images/NAGAP_94V3_195.tif": [[1.0002813134778181, -0.005819901735254296, 31.77842411038546], [0.0057583162110183125, 1.0001486078097617, -38.78164553366696], [0.0, 0.0, 1.0]], "preprocessing/raw_images/NAGAP_94V3_218.tif": [[1.0002367153900475, -0.003836201544489209, 21.020594847135726], [0.003690233481453347, 1.000147548508037, -25.266196698220483], [0.0, 0.0, 1.0]], "preprocessing/raw_images/NAGAP_94V3_232.tif": [[1.000250357301059, -0.0035351497021286825, 19.17392308669332], [0.003400397215502111, 1.0002136657551857, -23.723912750309864], [0.0, 0.0, 1.0]], "preprocessing/raw_images/NAGAP_94V3_217.tif": [[1.0002454117747717, -0.00461234644313992, 25.51972004666095], [0.004503818484371588, 1.0001897353470557, -30.88297248424078], [0.0, 0.0, 1.0]]}