{"input_data/raw_images/NAGAP_94V3_194.tif": [[1.000163440775077, -0.004515031031413398, 25.663297811534903], [0.004421259827360376, 1.0001314250934787, -29.982691820522632], [0.0, 0.0, 1.0]], "input_data/raw_images/NAGAP_94V3_195.tif": [[1.0001658230332318, -0.005877211587783986, 33.66741893890321], [0.005754526107920999, 1.000148547223381, -38.79385974440538], [0.0, 0.0, 1.0]], "input_data/raw_images/NAGAP_94V3_196.tif": [[1.0001600881491324, -0.0048202364942833646, 27.48295845470966], [0.0047941919930535775, 1.0001508894113897, -32.54773534651213], [0.0, 0.0, 1.0]], "input_data/raw_images/NAGAP_94V3_197.tif": [[1.0001824328289113, -0.004891773666615588, 27.746037313222587], [0.004775545302523418, 1.0001430824947541, -32.38127116593478], [0.0, 0.0, 1.0]], "input_data/raw_images/NAGAP_94V3_198.tif": [[1.000194026215508, -0.004458707616562635, 25.132736273038063], [0.004334854078625529, 1.0001395427124162, -29.45162973283732], [0.0, 0.0, 1.0]], "input_data/raw_images/NAGAP_94V3_199.tif": [[1.0001677022685986, -0.00482777814741179, 27.47837213596722], [0.00476035068717018, 1.0001546908406642, -32.364452274838186], [0.0, 0.0, 1.0]], "input_data/raw_images/NAGAP_94V3_200.tif": [[1.000164235878891, -0.003949899394168745, 22.358432470547086], [0.0038374163254407544, 1.0000948268647953, -25.90669605635958], [0.0, 0.0, 1.0]], "input_data/raw_images/NAGAP_94V3_201.tif": [[1.0001091904237975, -0.003798829260594977, 21.82811254101489], [0.0036637584510886153, 1.0000656376577255, -24.578191604417952], [0.0, 0.0, 1.0]], "input_data/raw_images/NAGAP_94V3_202.tif": [[1.00016726685256, -0.004492483694861336, 25.50661965002473], [0.004394971015800721, 1.0001542391928966, -29.926921552367276], [0.0, 0.0, 1.0]], "input_data/raw_images/NAGAP_94V3_203.tif": [[1.000187143770318, -0.005170642004930096, 29.3607668367913], [0.005080753406312343, 1.0001514163734666, -34.45066283237884], [0.0, 0.0, 1.0]], "input_data/raw_images/NAGAP_94V3_204.tif": [[1.000186110201858, -0.004029396133183233, 22.670971008165907], [0.003958286993780353, 1.000157946455356, -27.065619799886917], [0.0, 0.0, 1.0]], "input_data/raw_images/NAGAP_94V3_205.tif": [[1.0001836461723923, -0.004364513317098298, 24.646636833314005], [0.004218129503401928, 1.0001516847112255, -28.753399590765184], [0.0, 0.0, 1.0]], "input_data/raw_images/NAGAP_94V3_206.tif": [[1.0001851313038665, -0.0042328009036901116, 23.86819666573956], [0.004014541561652191, 1.0001493522600369, -27.388242821221866], [0.0, 0.0, 1.0]], "input_data/raw_images/NAGAP_94V3_207.tif": [[1.0001901714654893, -0.005275890725564269, 29.956058394671345], [0.005114608917217231, 1.000113134000496, -34.44821716154274], [0.0, 0.0, 1.0]], "input_data/raw_images/NAGAP_94V3_208.tif": [[1.0002047267507304, -0.004545381687035919, 25.573508123145075], [0.004383684809800212, 1.0001502458483988, -29.84686326748397], [0.0, 0.0, 1.0]], "input_data/raw_images/NAGAP_94V3_209.tif": [[1.0002291738782632, -0.004368502644279758, 24.36251812262435], [0.004154249555479545, 1.0001633805517935, -28.402213609141654], [0.0, 0.0, 1.0]], "input_data/raw_images/NAGAP_94V3_210.tif": [[1.000225413308158, -0.0041047400512716214, 22.836853599550523], [0.003908757766283535, 1.0001353243882893, -26.60293336399991], [0.0, 0.0, 1.0]], "input_data/raw_images/NAGAP_94V3_211.tif": [[1.0002291603022508, -0.005483512748858466, 30.91548823208086], [0.005370484764672232, 1.0001407669324371, -36.29775135444197], [0.0, 0.0, 1.0]], "input_data/raw_images/NAGAP_94V3_212.tif": [[1.0002337939999342, -0.005419438946305308, 30.51479501981794], [0.005257471406105846, 1.000145461723187, -35.58265224471688], [0.0, 0.0, 1.0]], "input_data/raw_images/NAGAP_94V3_213.tif": [[1.0002272913341563, -0.004549278414364955, 25.45267167041675], [0.0043875105296906965, 1.000146469451555, -29.831186687705667], [0.0, 0.0, 1.0]], "input_data/raw_images/NAGAP_94V3_214.tif": [[1.0002312454380191, -0.004948524354403151, 27.76086117749037], [0.004760821897839324, 1.0001465596731502, -32.29638269520001], [0.0, 0.0, 1.0]], "input_data/raw_images/NAGAP_94V3_215.tif": [[1.0002313522179471, -0.005317778291536317, 29.930410446114365], [0.005126262611059806, 1.0001543093162648, -34.769639090992314], [0.0, 0.0, 1.0]], "input_data/raw_images/NAGAP_94V3_216.tif": [[1.000234034799447, -0.005408264810033633, 30.423299557217433], [0.0052241693209969286, 1.0001683625279523, -35.49315344446222], [0.0, 0.0, 1.0]], "input_data/raw_images/NAGAP_94V3_217.tif": [[1.000245272836709, -0.004647940182352101, 25.9061575892556], [0.004497168909258144, 1.0002041994099562, -31.013227547567112], [0.0, 0.0, 1.0]], "input_data/raw_images/NAGAP_94V3_218.tif": [[1.0002365798440163, -0.003878891299912785, 21.44647362320029], [0.0036834948141511205, 1.0001408797331524, -25.154282206498465], [0.0, 0.0, 1.0]], "input_data/raw_images/NAGAP_94V3_219.tif": [[1.0001797418399874, -0.0052156407721577255, 29.661707208812004], [0.00502025928236541, 1.0001212811630156, -33.8658875700894], [0.0, 0.0, 1.0]], "input_data/raw_images/NAGAP_94V3_220.tif": [[1.0002302230001456, -0.004738220854571148, 26.451186099156075], [0.004486589251703253, 1.0001669540609712, -30.628516461402796], [0.0, 0.0, 1.0]], "input_data/raw_images/NAGAP_94V3_221.tif": [[1.0002137751705014, -0.00432703377717001, 24.2210783173623], [0.004244830534613409, 1.0001745306855547, -29.057335617973877], [0.0, 0.0, 1.0]], "input_data/raw_images/NAGAP_94V3_222.tif": [[1.0002198703749485, -0.004541692125592927, 25.439969188983923], [0.004380260838335706, 1.000161711930781, -29.888215480142208], [0.0, 0.0, 1.0]], "input_data/raw_images/NAGAP_94V3_223.tif": [[1.0002069223054393, -0.005833714890524194, 33.094208504389826], [0.005615727304277327, 1.0001713600462008, -38.099666500437706], [0.0, 0.0, 1.0]], "input_data/raw_images/NAGAP_94V3_224.tif": [[1.000239117532184, -0.0049148479751185544, 27.498364229836625], [0.0047155693910343535, 1.0001846487813895, -32.21772532912473], [0.0, 0.0, 1.0]], "input_data/raw_images/NAGAP_94V3_225.tif": [[1.0002167102209791, -0.0044777449912751285, 25.09465868193638], [0.004297390810017382, 1.000173522634685, -29.39155098246374], [0.0, 0.0, 1.0]], "input_data/raw_images/NAGAP_94V3_226.tif": [[1.0002406403165585, -0.004308425351267602, 23.93491644968617], [0.004158150685811374, 1.000189955165216, -28.567840781939594], [0.0, 0.0, 1.0]], "input_data/raw_images/NAGAP_94V3_227.tif": [[1.000209369966246, -0.005272517964145046, 29.80934030548724], [0.0050660939950266486, 1.0001774520253608, -34.511476198061246], [0.0, 0.0, 1.0]], "input_data/raw_images/NAGAP_94V3_228.tif": [[1.000221776402885, -0.004327153141846084, 24.17065505509254], [0.004173135715954776, 1.0001786506721286, -28.613893990621364], [0.0, 0.0, 1.0]], "input_data/raw_images/NAGAP_94V3_229.tif": [[1.0002585437637286, -0.0034835786599204895, 18.999397271359157], [0.0032692398997598965, 1.0002039316027949, -22.760559046721937], [0.0, 0.0, 1.0]], "input_data/raw_images/NAGAP_94V3_230.tif": [[1.000253568636507, -0.003050345077594077, 16.492877514513566], [0.002888765992730012, 1.0001802183664092, -20.110699200864474], [0.0, 0.0, 1.0]], "input_data/raw_images/NAGAP_94V3_231.tif": [[1.0002386795641403, -0.0045832657686991985, 25.570727155524764], [0.004365331724462121, 1.0001843330567861, -29.921213775427532], [0.0, 0.0, 1.0]], "input_data/raw_images/NAGAP_94V3_232.tif": [[1.0002465155523341, -0.00357030103064577, 19.580352452901934], [0.003393673248707262, 1.000214643913626, -23.65676585163419], [0.0, 0.0, 1.0]], "input_data/raw_images/NAGAP_94V3_233.tif": [[1.0002662164429093, -0.0034647777212695563, 18.82200808359812], [0.003272905048457529, 1.000192682085533, -22.736010178578], [0.0, 0.0, 1.0]], "input_data/raw_images/NAGAP_94V3_234.tif": [[1.0002352648792159, -0.0036077793386566936, 19.874161199194532], [0.003325451181708796, 1.0001807271530914, -22.999171562840274], [0.0, 0.0, 1.0]]}